workload_type,compute_demand_TFlops,storage_demand_TB,network_demand_Gbps,energy_source,carbon_emissions_kgCO2
Cloud Storage,408.32,62.95,67.84,Grid,1113.58
Cloud Storage,499.86,122.46,82.93,Wind,310.16
Database Queries,498.35,143.51,29.81,Hybrid,1398.7
Cloud Storage,282.16,55.25,1.92,Hybrid,1600.27
Web Hosting,386.8,83.3,73.92,Hybrid,368.54
Database Queries,472.94,25.26,83.5,Hybrid,253.41
Web Hosting,426.33,37.05,74.18,Wind,333.76
Web Hosting,131.2,136.54,14.71,Grid,1760.4
Cloud Storage,230.77,37.11,75.47,Wind,1079.97
Database Queries,73.29,105.51,77.01,Wind,961.16
Cloud Storage,477.49,142.1,66.02,Grid,258.09
Database Queries,307.03,22.27,76.73,Wind,1316.63
Cloud Storage,122.03,113.9,84.67,Hybrid,1742.6
IoT Processing,339.13,52.06,61.55,Grid,1664.96
IoT Processing,312.88,192.62,9.32,Solar,1270.81
Web Hosting,185.5,97.23,49.02,Wind,196.79
Database Queries,65.64,161.39,8.23,Wind,269.17
Cloud Storage,339.07,110.5,41.05,Wind,146.15
Web Hosting,264.95,9.64,41.01,Hybrid,552.08
Cloud Storage,388.44,127.0,7.07,Solar,314.54
IoT Processing,264.88,190.33,35.21,Grid,557.09
IoT Processing,427.57,120.72,11.54,Hybrid,800.86
Database Queries,280.43,164.02,80.92,Grid,1888.82
IoT Processing,284.86,176.96,94.79,Grid,1240.23
IoT Processing,439.56,46.39,7.7,Hybrid,1678.2
IoT Processing,207.71,43.2,95.53,Wind,1435.19
Cloud Storage,75.67,122.59,52.5,Hybrid,269.38
Web Hosting,24.1,82.79,30.31,Hybrid,1485.04
Web Hosting,380.02,168.13,8.15,Solar,586.44
Database Queries,313.95,180.1,50.31,Grid,1296.26
Cloud Storage,355.0,71.33,79.55,Grid,714.88
IoT Processing,114.35,48.14,70.86,Grid,1995.46
Web Hosting,76.82,156.32,5.5,Grid,563.93
Cloud Storage,17.13,55.69,7.75,Grid,594.3
Cloud Storage,181.79,164.7,40.59,Solar,1864.81
AI Training,299.06,85.32,29.88,Grid,98.06
IoT Processing,202.2,133.84,23.62,Grid,1408.54
Cloud Storage,224.36,20.01,28.46,Hybrid,1464.39
Database Queries,453.04,125.15,80.45,Hybrid,1680.94
IoT Processing,180.65,90.9,92.96,Hybrid,1950.16
Web Hosting,261.85,117.74,40.81,Grid,1952.42
IoT Processing,393.99,34.43,90.66,Wind,177.29
IoT Processing,204.31,147.64,32.49,Hybrid,1652.59
Cloud Storage,314.82,172.7,47.91,Hybrid,1310.3
Web Hosting,432.56,44.13,22.99,Wind,1312.32
IoT Processing,475.27,20.05,64.23,Wind,300.28
Cloud Storage,82.07,5.7,97.91,Solar,1317.86
Database Queries,464.03,128.75,60.55,Hybrid,1965.84
Cloud Storage,251.14,121.81,36.1,Wind,1828.05
AI Training,136.54,109.79,64.96,Hybrid,906.3
Web Hosting,234.98,47.16,12.73,Wind,127.9
AI Training,490.22,78.79,88.92,Wind,756.47
AI Training,251.38,119.3,50.56,Solar,1661.46
Web Hosting,171.09,99.86,45.21,Solar,1417.92
Cloud Storage,320.37,197.57,58.79,Grid,945.72
AI Training,127.67,28.15,62.67,Solar,157.45
Web Hosting,47.17,139.33,7.64,Grid,882.44
Cloud Storage,73.15,81.46,68.42,Wind,964.6
IoT Processing,72.74,86.21,24.57,Grid,1860.68
Database Queries,84.43,143.8,71.54,Wind,1300.12
Web Hosting,78.03,138.79,82.34,Wind,657.72
Web Hosting,324.03,198.26,80.49,Wind,1074.37
Cloud Storage,99.12,26.55,55.47,Hybrid,178.81
Web Hosting,179.38,21.72,52.26,Hybrid,1946.51
Web Hosting,449.43,145.14,14.72,Hybrid,752.12
Database Queries,242.24,116.1,77.65,Grid,981.84
Database Queries,337.1,55.56,27.51,Grid,742.8
Database Queries,94.44,16.8,49.92,Wind,1380.9
Web Hosting,104.22,18.05,28.79,Wind,1341.35
Cloud Storage,30.03,178.94,13.82,Solar,1444.88
AI Training,92.78,39.18,63.14,Wind,572.88
AI Training,146.51,65.35,5.91,Solar,665.55
AI Training,96.74,46.1,74.99,Grid,294.24
Database Queries,53.46,71.64,32.1,Solar,1328.24
IoT Processing,69.11,14.82,0.51,Hybrid,127.6
Cloud Storage,235.78,104.29,51.36,Solar,1215.48
AI Training,111.1,14.45,5.16,Hybrid,1745.91
Database Queries,188.49,160.27,27.98,Hybrid,1787.12
Database Queries,256.67,47.51,70.84,Hybrid,925.62
IoT Processing,348.29,108.46,6.74,Solar,945.64
Web Hosting,29.26,176.14,84.01,Wind,200.09
Cloud Storage,401.71,130.52,0.88,Wind,1357.99
IoT Processing,317.67,107.06,25.06,Wind,1651.46
Cloud Storage,50.06,65.54,74.22,Wind,527.08
IoT Processing,438.05,67.27,31.97,Hybrid,871.54
AI Training,461.23,134.23,10.64,Hybrid,1685.74
IoT Processing,39.93,198.83,36.34,Solar,1760.38
Web Hosting,145.67,132.71,27.4,Wind,524.2
AI Training,405.04,112.0,84.35,Hybrid,1123.61
Web Hosting,376.65,146.4,31.68,Hybrid,425.36
Database Queries,100.42,93.58,79.0,Wind,248.66
Database Queries,112.58,12.97,89.24,Wind,1826.68
AI Training,191.53,112.9,43.66,Hybrid,1649.99
Web Hosting,247.42,191.57,91.04,Hybrid,1532.07
Cloud Storage,312.94,35.89,38.04,Solar,145.09
IoT Processing,190.77,138.31,96.43,Grid,1695.27
AI Training,236.64,40.99,9.38,Hybrid,904.19
AI Training,376.26,107.63,68.86,Wind,717.67
Web Hosting,27.97,20.24,49.63,Hybrid,1115.63
IoT Processing,133.69,90.62,39.07,Grid,228.14
AI Training,359.54,151.48,63.45,Solar,1525.46
Database Queries,448.65,70.17,70.53,Grid,1185.75
Cloud Storage,260.72,133.32,0.93,Solar,413.85
Cloud Storage,270.74,159.29,17.11,Hybrid,417.05
Web Hosting,62.51,185.51,71.45,Grid,409.28
Web Hosting,229.23,47.69,66.81,Wind,161.15
Database Queries,270.98,80.46,96.62,Wind,1196.21
AI Training,128.81,31.33,76.22,Grid,1688.68
Database Queries,141.93,198.5,95.1,Grid,84.12
Web Hosting,194.87,185.47,70.4,Hybrid,145.56
Web Hosting,19.83,108.45,30.16,Solar,1166.9
Database Queries,167.82,168.56,10.98,Grid,1648.02
AI Training,113.61,104.67,78.29,Solar,687.14
AI Training,170.47,125.09,64.59,Grid,731.75
IoT Processing,68.68,18.74,5.29,Wind,1212.88
Web Hosting,446.36,151.3,36.33,Wind,584.72
AI Training,300.86,26.41,95.7,Hybrid,101.89
Cloud Storage,342.76,165.39,50.29,Hybrid,1483.7
Cloud Storage,396.69,156.62,43.56,Grid,1270.02
Cloud Storage,254.24,142.04,46.04,Grid,1182.47
Database Queries,52.59,8.2,21.28,Solar,1496.28
IoT Processing,273.18,61.32,37.19,Wind,1366.7
AI Training,297.55,53.36,37.3,Solar,451.47
Web Hosting,375.27,72.67,5.71,Hybrid,737.34
Database Queries,221.51,18.44,76.87,Wind,295.91
Database Queries,72.51,187.45,41.94,Wind,303.22
Cloud Storage,149.05,111.21,82.31,Solar,1368.58
Database Queries,187.91,61.8,85.11,Solar,1724.27
Web Hosting,326.5,80.0,21.59,Hybrid,1927.33
AI Training,289.68,89.99,65.91,Solar,1275.28
Database Queries,184.49,120.52,47.49,Grid,409.0
IoT Processing,493.39,103.62,88.08,Solar,256.02
AI Training,306.83,183.96,21.97,Hybrid,1635.06
IoT Processing,126.24,99.9,67.94,Grid,1178.58
Database Queries,59.87,198.44,60.97,Wind,1255.66
Web Hosting,84.9,170.43,29.88,Solar,1573.85
Web Hosting,130.52,42.49,14.09,Solar,1421.39
Web Hosting,88.73,186.19,65.34,Solar,1677.19
Cloud Storage,101.42,24.16,73.99,Hybrid,159.62
Cloud Storage,149.7,163.67,31.9,Grid,1507.67
AI Training,94.95,76.74,64.66,Solar,1709.16
Database Queries,449.42,175.72,39.82,Wind,607.96
Web Hosting,49.31,173.74,71.46,Solar,1298.87
Cloud Storage,267.01,161.38,20.32,Wind,662.62
AI Training,211.09,158.22,89.08,Solar,1918.04
Web Hosting,491.37,61.63,29.1,Grid,115.18
IoT Processing,64.9,17.1,37.09,Grid,1180.6
Web Hosting,204.95,81.19,6.28,Wind,374.68
Cloud Storage,485.04,35.53,11.6,Hybrid,1438.83
Database Queries,434.1,139.3,51.83,Wind,392.99
Database Queries,410.37,69.87,27.13,Hybrid,509.0
Web Hosting,136.37,195.15,83.63,Solar,1014.02
Cloud Storage,93.73,128.55,1.96,Hybrid,1833.93
AI Training,337.64,164.67,38.22,Hybrid,462.84
AI Training,465.39,27.37,34.07,Wind,331.27
Database Queries,282.81,172.54,2.42,Grid,1530.0
Cloud Storage,290.09,184.63,12.87,Solar,1026.21
Database Queries,147.19,97.93,41.66,Hybrid,1827.98
Web Hosting,387.05,121.64,49.54,Wind,335.9
Web Hosting,101.65,153.2,40.73,Wind,1309.56
Web Hosting,168.6,35.79,53.33,Hybrid,504.11
AI Training,218.46,101.01,59.72,Wind,355.68
Database Queries,258.73,80.33,1.49,Solar,1382.69
Cloud Storage,128.78,30.13,46.68,Solar,1207.69
IoT Processing,66.27,74.14,96.37,Hybrid,1521.91
Web Hosting,309.2,14.57,52.14,Hybrid,653.45
Cloud Storage,151.43,6.14,67.92,Grid,923.54
AI Training,294.81,27.9,31.53,Wind,840.67
Database Queries,85.64,192.66,77.51,Grid,1968.97
AI Training,245.76,110.36,77.41,Hybrid,619.89
AI Training,270.97,193.2,52.37,Hybrid,624.89
Web Hosting,35.39,87.07,97.61,Grid,741.37
AI Training,174.94,63.05,12.99,Grid,1150.96
IoT Processing,75.86,101.72,2.19,Grid,542.03
Database Queries,41.05,88.46,77.13,Grid,1834.82
Cloud Storage,495.08,22.03,80.81,Wind,568.09
AI Training,167.95,128.52,12.46,Solar,1796.84
IoT Processing,406.84,43.99,26.93,Wind,251.78
Web Hosting,134.77,124.3,2.25,Solar,1330.3
Web Hosting,343.94,130.39,29.68,Wind,1818.62
Database Queries,382.51,31.25,77.43,Hybrid,379.06
Cloud Storage,301.86,13.21,52.04,Solar,1938.24
Cloud Storage,241.07,156.37,35.14,Hybrid,933.12
Web Hosting,211.8,92.5,37.49,Solar,1894.14
Database Queries,180.95,12.57,0.63,Solar,1369.8
AI Training,465.47,198.98,30.33,Grid,638.09
Database Queries,417.0,12.5,64.82,Wind,417.19
IoT Processing,482.86,139.31,97.43,Hybrid,642.28
Web Hosting,70.91,196.75,84.78,Wind,231.38
AI Training,368.13,48.6,2.85,Wind,330.54
Database Queries,469.79,29.31,89.91,Solar,254.09
IoT Processing,98.8,25.16,78.43,Wind,874.74
Web Hosting,42.58,61.35,78.15,Solar,1601.38
Database Queries,373.15,21.11,46.07,Solar,325.7
Web Hosting,291.49,138.74,40.1,Wind,304.12
IoT Processing,422.5,13.4,30.64,Grid,1304.69
Database Queries,78.49,102.38,7.04,Solar,434.51
Database Queries,399.68,199.34,23.21,Hybrid,240.34
Cloud Storage,108.8,162.98,25.04,Grid,375.35
Web Hosting,90.19,123.43,48.67,Wind,1851.28
Web Hosting,90.49,61.94,74.87,Hybrid,1651.87
IoT Processing,409.14,125.16,47.64,Grid,740.43
Cloud Storage,335.95,105.88,6.26,Wind,1328.85
Web Hosting,266.3,85.79,95.8,Solar,1097.69
Cloud Storage,185.83,27.01,94.3,Solar,1370.39
IoT Processing,439.83,177.43,78.63,Grid,1381.21
IoT Processing,202.3,90.51,99.14,Wind,1276.03
Database Queries,410.13,39.73,54.68,Solar,568.9
Web Hosting,225.18,74.18,96.3,Grid,126.06
Web Hosting,194.7,83.41,8.02,Solar,938.36
Cloud Storage,236.71,165.68,36.89,Solar,1787.4
Cloud Storage,157.68,146.99,22.93,Hybrid,1160.52
Cloud Storage,376.33,154.09,19.99,Grid,1673.16
Web Hosting,256.33,3.2,14.51,Wind,1983.67
AI Training,123.78,83.81,62.43,Hybrid,369.05
Cloud Storage,450.79,96.79,78.24,Hybrid,1398.97
Database Queries,198.11,4.82,58.04,Solar,1364.87
Web Hosting,276.34,52.7,15.12,Solar,1960.91
AI Training,454.17,152.3,81.21,Wind,1971.92
Database Queries,315.88,28.28,63.78,Solar,1389.02
Web Hosting,67.28,107.53,39.12,Solar,525.05
AI Training,470.52,43.83,67.58,Hybrid,1607.18
Web Hosting,317.58,3.41,26.36,Hybrid,258.71
Cloud Storage,174.1,49.0,34.85,Grid,1572.36
AI Training,78.24,195.2,91.79,Hybrid,1824.88
Web Hosting,399.07,160.51,29.41,Wind,796.53
Cloud Storage,313.84,191.96,47.26,Grid,1279.74
Web Hosting,271.4,98.08,89.07,Solar,888.78
Web Hosting,448.01,22.84,70.92,Hybrid,903.64
Database Queries,396.41,110.04,6.69,Solar,655.22
Database Queries,84.32,91.42,15.16,Hybrid,1536.15
IoT Processing,162.74,169.03,1.28,Hybrid,1875.54
IoT Processing,131.76,20.52,63.28,Solar,1884.46
Cloud Storage,374.53,98.16,45.04,Hybrid,390.82
Cloud Storage,26.43,30.86,13.86,Grid,1755.75
Database Queries,289.25,65.61,95.81,Grid,1487.99
Database Queries,383.6,147.73,53.2,Hybrid,543.03
IoT Processing,439.62,95.73,24.57,Grid,181.2
Cloud Storage,177.62,75.8,50.31,Solar,572.59
Cloud Storage,412.42,79.5,68.12,Hybrid,1828.81
Web Hosting,64.21,92.43,8.09,Hybrid,1284.7
Cloud Storage,424.76,157.22,27.83,Hybrid,1456.06
AI Training,72.47,178.52,80.79,Wind,551.45
AI Training,204.67,191.11,46.24,Solar,1452.81
Database Queries,400.67,157.59,54.88,Solar,104.84
IoT Processing,83.46,63.77,43.57,Hybrid,781.88
Cloud Storage,122.33,137.94,4.87,Hybrid,1272.17
Web Hosting,363.9,88.08,16.99,Solar,334.89
AI Training,362.82,51.68,44.83,Hybrid,1654.86
Web Hosting,324.16,168.33,21.31,Hybrid,508.31
IoT Processing,350.03,8.65,5.47,Solar,1321.95
AI Training,275.93,180.45,84.44,Grid,840.13
AI Training,133.38,92.83,98.13,Solar,1212.29
Web Hosting,179.39,127.8,79.42,Hybrid,259.53
Database Queries,98.98,132.21,85.45,Wind,82.98
Database Queries,455.14,179.13,24.58,Grid,1823.65
AI Training,295.86,127.7,96.08,Wind,575.78
AI Training,206.42,123.17,20.09,Grid,1648.37
Web Hosting,236.38,14.26,95.17,Hybrid,1998.73
Database Queries,474.17,104.16,99.48,Wind,462.29
Database Queries,85.14,30.88,71.32,Wind,567.08
Web Hosting,297.25,147.75,98.12,Hybrid,1342.58
Database Queries,257.89,102.93,57.17,Grid,1932.62
AI Training,309.61,136.37,26.32,Grid,1835.84
Database Queries,18.87,9.29,43.98,Hybrid,1030.61
Database Queries,437.34,17.87,59.56,Grid,1600.47
IoT Processing,466.74,143.55,7.77,Grid,314.7
Cloud Storage,286.92,15.34,62.42,Hybrid,1956.0
Database Queries,351.36,15.18,98.13,Wind,1930.49
Web Hosting,462.02,3.41,19.42,Grid,369.27
Web Hosting,356.55,191.34,79.36,Solar,633.88
Cloud Storage,84.74,147.76,90.84,Hybrid,245.3
AI Training,292.38,71.3,94.4,Solar,579.85
Database Queries,307.29,60.01,96.03,Grid,1641.11
Cloud Storage,217.82,70.59,52.39,Hybrid,787.72
IoT Processing,370.86,155.16,97.74,Grid,222.37
AI Training,467.84,132.61,75.85,Grid,717.34
IoT Processing,463.53,37.85,16.59,Wind,1963.7
Database Queries,230.91,35.65,47.95,Hybrid,1277.88
IoT Processing,65.49,20.58,71.97,Grid,861.51
Cloud Storage,492.57,132.4,25.11,Grid,374.75
IoT Processing,421.06,153.11,64.24,Solar,1973.04
Database Queries,71.08,53.74,66.83,Wind,1650.66
Database Queries,461.21,5.17,16.69,Solar,598.88
Cloud Storage,436.25,17.35,56.73,Hybrid,186.63
IoT Processing,264.23,193.6,77.28,Wind,160.42
Database Queries,299.72,59.79,50.14,Hybrid,284.74
Database Queries,205.51,154.08,1.7,Wind,1182.5
AI Training,36.83,125.31,1.4,Hybrid,1861.09
Web Hosting,174.25,77.01,36.02,Wind,1018.65
Database Queries,403.4,41.93,92.66,Wind,1693.74
AI Training,12.27,25.16,23.25,Hybrid,919.48
AI Training,173.41,123.39,63.62,Solar,1431.74
Cloud Storage,205.1,155.15,22.6,Solar,1477.15
IoT Processing,273.32,129.14,32.51,Solar,389.23
Web Hosting,460.73,106.53,84.88,Hybrid,754.37
Cloud Storage,179.71,9.35,73.02,Grid,1292.74
AI Training,180.01,193.73,9.99,Solar,187.86
AI Training,371.38,159.94,43.16,Solar,755.0
Database Queries,231.59,59.27,3.4,Wind,1092.86
Web Hosting,120.06,196.01,48.35,Hybrid,1992.64
Web Hosting,231.7,120.77,66.41,Wind,975.34
IoT Processing,79.02,116.9,12.29,Wind,1641.31
AI Training,96.43,149.87,29.24,Grid,892.53
Database Queries,254.2,162.54,40.08,Grid,1602.96
Cloud Storage,215.27,131.64,91.99,Wind,1211.06
Database Queries,458.27,26.49,99.33,Grid,1778.86
Database Queries,187.57,68.32,4.97,Wind,851.34
Web Hosting,294.49,185.69,76.22,Hybrid,1228.39
AI Training,319.81,45.7,37.49,Hybrid,1278.54
Database Queries,16.42,75.06,39.55,Wind,863.9
Cloud Storage,335.13,86.98,75.55,Hybrid,331.41
IoT Processing,97.24,88.44,91.88,Wind,232.44
AI Training,480.92,122.97,95.12,Solar,82.51
Cloud Storage,82.84,188.67,57.92,Grid,1753.39
AI Training,213.17,48.9,36.03,Solar,511.13
IoT Processing,51.82,25.18,78.86,Solar,462.44
Web Hosting,498.47,40.3,25.47,Grid,1485.27
AI Training,256.08,177.5,56.63,Solar,674.03
Cloud Storage,301.74,129.52,36.18,Solar,1036.79
Cloud Storage,42.87,57.9,65.83,Solar,366.9
IoT Processing,377.48,163.37,24.42,Wind,1921.5
IoT Processing,112.85,172.41,19.56,Wind,1710.58
Cloud Storage,450.05,169.46,91.86,Wind,1734.39
Web Hosting,110.52,183.87,10.63,Grid,843.21
IoT Processing,103.44,51.2,50.84,Solar,1536.6
Web Hosting,27.91,151.25,22.47,Grid,330.56
Web Hosting,241.31,92.65,4.37,Hybrid,66.81
Database Queries,286.77,168.56,4.08,Grid,88.95
IoT Processing,42.2,145.97,17.93,Grid,1193.87
Cloud Storage,390.01,155.51,86.74,Grid,938.02
AI Training,232.11,131.58,28.61,Solar,1060.13
IoT Processing,266.95,36.31,95.07,Hybrid,64.55
Cloud Storage,225.97,109.46,58.37,Hybrid,874.24
Database Queries,206.37,196.95,43.94,Hybrid,1450.23
Database Queries,284.22,187.54,58.22,Grid,913.25
AI Training,86.07,9.59,51.91,Grid,1477.83
AI Training,99.14,33.8,76.0,Grid,504.39
Web Hosting,432.27,27.21,28.61,Hybrid,1635.63
Database Queries,473.6,145.47,35.63,Solar,1197.44
Web Hosting,192.92,163.74,89.46,Wind,460.99
AI Training,142.66,43.49,94.67,Solar,511.6
AI Training,325.56,101.66,89.31,Wind,1274.66
Web Hosting,210.28,168.3,42.24,Wind,1668.38
Web Hosting,22.44,146.83,78.15,Grid,860.47
Database Queries,86.51,108.91,47.9,Solar,553.69
AI Training,360.83,118.48,50.01,Wind,1740.67
Database Queries,332.87,102.16,20.87,Hybrid,1355.07
Database Queries,23.28,60.21,59.32,Grid,923.77
Web Hosting,118.77,113.44,19.02,Grid,1001.41
AI Training,123.23,138.09,33.49,Grid,448.3
AI Training,339.23,174.79,85.58,Hybrid,1272.27
Web Hosting,19.66,127.62,21.1,Grid,749.55
Database Queries,61.01,152.46,7.58,Solar,1991.51
Cloud Storage,401.96,32.85,7.37,Hybrid,986.36
Database Queries,97.49,92.85,94.11,Wind,997.48
Cloud Storage,329.85,2.86,50.94,Solar,1153.41
AI Training,126.71,50.09,41.24,Solar,1837.67
Cloud Storage,58.73,145.57,81.18,Wind,1611.6
AI Training,129.15,198.37,83.66,Wind,929.7
IoT Processing,363.91,20.74,33.55,Wind,1451.46
Web Hosting,429.29,80.9,69.51,Hybrid,1193.16
AI Training,416.81,160.21,77.23,Hybrid,1010.12
AI Training,204.62,41.6,65.64,Solar,425.02
IoT Processing,337.36,111.46,15.58,Solar,954.68
Web Hosting,110.44,146.88,87.65,Hybrid,529.35
AI Training,153.64,123.58,54.14,Wind,1833.94
Database Queries,449.2,38.42,28.61,Wind,704.04
Web Hosting,16.37,71.72,42.81,Wind,1906.91
Cloud Storage,51.9,156.97,4.24,Wind,1089.46
AI Training,111.86,111.29,13.22,Hybrid,1281.51
Database Queries,23.0,2.04,76.67,Wind,1108.73
Database Queries,98.9,152.44,0.5,Solar,302.29
Cloud Storage,295.69,8.03,41.95,Grid,782.85
IoT Processing,216.5,149.4,52.49,Wind,243.33
Cloud Storage,447.41,41.29,5.94,Grid,1264.76
IoT Processing,410.55,191.66,97.32,Wind,921.4
IoT Processing,177.49,74.22,23.0,Solar,1567.07
IoT Processing,137.12,66.06,30.77,Hybrid,479.92
Web Hosting,196.05,30.63,30.74,Grid,370.9
AI Training,299.24,61.82,23.43,Hybrid,842.35
Database Queries,141.35,175.45,0.65,Hybrid,1856.84
Cloud Storage,315.83,199.27,73.07,Wind,1435.32
AI Training,210.61,74.29,96.7,Hybrid,866.9
IoT Processing,280.5,90.27,22.82,Hybrid,1058.68
Cloud Storage,223.7,144.69,66.47,Hybrid,214.22
Database Queries,154.29,177.35,74.32,Grid,1969.92
Web Hosting,474.74,119.02,84.92,Solar,1349.49
AI Training,384.17,78.91,42.55,Solar,606.54
IoT Processing,78.66,83.11,30.64,Hybrid,1192.33
Cloud Storage,435.55,139.43,32.87,Grid,263.49
IoT Processing,248.84,1.64,71.41,Hybrid,1933.38
Database Queries,448.33,124.3,81.77,Solar,390.83
AI Training,401.93,71.74,18.57,Wind,1313.66
Database Queries,218.35,159.05,37.41,Grid,528.64
IoT Processing,21.01,19.51,90.24,Solar,1449.24
Database Queries,141.65,118.05,80.77,Wind,1564.8
Web Hosting,275.4,96.71,98.49,Solar,1363.17
AI Training,320.4,128.82,75.55,Hybrid,1248.27
Web Hosting,136.36,13.91,39.62,Wind,1790.31
AI Training,78.28,116.42,59.27,Hybrid,203.32
Web Hosting,419.12,112.74,66.27,Hybrid,695.28
Database Queries,492.36,112.57,8.31,Wind,534.16
AI Training,267.59,121.09,54.68,Hybrid,1976.63
Cloud Storage,94.12,135.62,71.08,Solar,809.31
AI Training,143.43,161.19,17.15,Wind,1478.59
AI Training,19.01,54.69,78.17,Grid,1385.21
IoT Processing,458.01,165.18,58.59,Hybrid,463.56
AI Training,67.7,100.15,95.25,Solar,516.05
Cloud Storage,292.49,16.33,4.72,Solar,598.5
IoT Processing,144.29,12.65,26.9,Grid,851.7
AI Training,281.55,67.51,60.35,Grid,506.93
Web Hosting,329.2,157.19,30.01,Hybrid,88.32
Database Queries,416.57,141.83,71.59,Solar,1764.82
Database Queries,111.15,157.93,76.02,Hybrid,1932.94
IoT Processing,15.39,103.94,10.7,Hybrid,716.06
IoT Processing,77.07,88.6,51.63,Solar,710.09
Web Hosting,451.01,30.34,51.13,Solar,63.83
Web Hosting,438.21,66.31,37.24,Wind,1376.49
AI Training,302.73,87.37,93.33,Wind,1659.61
Web Hosting,304.25,18.63,82.84,Wind,335.89
Cloud Storage,335.87,44.9,69.87,Hybrid,361.35
IoT Processing,95.93,120.05,71.58,Wind,1590.66
AI Training,458.06,147.4,46.44,Hybrid,1251.77
AI Training,215.2,199.67,92.14,Solar,137.48
Database Queries,197.74,186.69,69.61,Solar,1263.97
Database Queries,264.27,128.87,73.03,Grid,652.39
Web Hosting,33.01,84.83,86.24,Hybrid,769.01
AI Training,91.48,127.6,27.77,Solar,1550.98
Cloud Storage,371.64,157.34,80.8,Grid,1631.32
Cloud Storage,50.57,24.55,19.93,Wind,830.7
Cloud Storage,305.54,82.57,34.86,Solar,1896.95
Web Hosting,130.22,168.12,33.89,Grid,842.6
Web Hosting,200.75,77.38,97.86,Wind,1555.08
IoT Processing,151.46,114.8,85.73,Hybrid,993.56
Web Hosting,184.28,117.97,70.27,Solar,1800.19
IoT Processing,362.33,37.71,72.84,Wind,1820.13
AI Training,155.59,73.08,56.43,Wind,220.46
Cloud Storage,287.54,67.57,94.74,Wind,1876.16
IoT Processing,243.26,6.21,49.88,Grid,1659.79
AI Training,335.2,5.81,38.36,Solar,1593.06
AI Training,469.05,166.51,16.72,Solar,441.78
AI Training,368.96,55.34,78.73,Hybrid,1619.98
AI Training,115.32,104.1,73.58,Solar,1707.76
AI Training,25.28,60.45,38.74,Wind,613.84
IoT Processing,138.51,188.2,3.01,Wind,1906.91
Web Hosting,301.59,52.6,83.98,Solar,147.23
Web Hosting,35.2,86.5,1.64,Wind,342.32
Cloud Storage,253.22,174.67,70.52,Hybrid,1098.28
Database Queries,302.45,168.54,97.04,Wind,1172.8
IoT Processing,173.78,38.03,44.05,Hybrid,1308.04
Web Hosting,387.75,160.73,23.88,Grid,83.09
Cloud Storage,62.23,92.18,70.63,Grid,1922.72
Web Hosting,46.82,97.11,81.8,Grid,136.95
AI Training,366.81,27.56,54.87,Wind,328.97
Web Hosting,252.79,17.04,96.72,Solar,77.33
Web Hosting,347.32,145.86,5.64,Solar,1155.37
Web Hosting,223.07,99.8,50.73,Solar,1867.92
IoT Processing,130.74,87.93,71.99,Hybrid,1348.6
AI Training,411.36,146.17,86.33,Hybrid,1654.18
Web Hosting,401.71,153.34,18.34,Hybrid,75.9
Database Queries,350.4,32.62,80.1,Grid,1106.93
AI Training,143.35,122.43,55.49,Solar,946.15
Web Hosting,299.21,27.94,39.96,Grid,1022.99
Database Queries,186.88,150.52,13.61,Solar,190.82
IoT Processing,54.88,131.73,86.6,Solar,1384.65
Cloud Storage,459.48,191.37,16.15,Grid,1031.28
Web Hosting,77.04,14.72,31.32,Hybrid,1542.04
Database Queries,475.62,12.35,29.36,Hybrid,996.32
Web Hosting,228.54,57.16,87.21,Hybrid,341.29
IoT Processing,100.72,53.08,67.43,Wind,1314.1
Cloud Storage,275.53,50.15,79.77,Solar,386.15
Cloud Storage,437.74,181.34,25.42,Solar,1751.17
Web Hosting,368.79,50.66,62.67,Grid,1245.58
Web Hosting,405.21,55.12,57.39,Wind,356.55
AI Training,332.8,152.12,83.37,Hybrid,1926.56
Web Hosting,349.22,90.5,90.66,Grid,1060.81
AI Training,426.11,155.57,1.71,Solar,192.15
Cloud Storage,132.34,14.01,67.56,Wind,1272.32
Web Hosting,249.82,98.03,5.66,Solar,543.74
Web Hosting,118.39,7.69,55.11,Wind,1617.2
IoT Processing,493.96,13.47,29.12,Hybrid,1644.75
Web Hosting,472.59,181.38,31.02,Hybrid,1958.95
Cloud Storage,29.32,28.71,35.62,Wind,1028.65
AI Training,355.73,106.95,62.32,Hybrid,937.17
Database Queries,463.37,82.81,33.74,Wind,1519.28
Cloud Storage,98.48,70.12,73.4,Hybrid,308.32
Database Queries,288.29,180.07,40.75,Wind,1116.49
Database Queries,458.59,5.34,7.3,Solar,1115.18
Database Queries,26.63,133.09,78.48,Grid,224.47
Web Hosting,351.74,192.72,28.93,Grid,865.07
AI Training,155.7,112.47,43.56,Wind,1713.91
Database Queries,462.95,187.43,68.7,Solar,1719.5
IoT Processing,485.82,11.4,33.58,Wind,243.51
Database Queries,472.69,84.34,6.13,Hybrid,226.91
Database Queries,242.36,52.77,37.71,Solar,562.26
Database Queries,432.4,146.43,94.47,Solar,1755.79
Database Queries,423.83,196.28,64.35,Wind,301.36
AI Training,166.36,52.05,67.31,Grid,1453.99
Database Queries,416.17,131.18,63.41,Solar,247.27
Database Queries,28.13,40.42,20.3,Grid,1265.12
Cloud Storage,302.17,113.5,42.12,Wind,744.33
IoT Processing,122.7,93.32,75.22,Hybrid,1588.38
Database Queries,69.08,194.43,10.59,Wind,505.7
AI Training,47.71,122.1,28.15,Grid,1296.44
AI Training,351.18,70.55,27.99,Grid,509.58
Cloud Storage,176.54,23.71,43.49,Grid,1441.64
IoT Processing,365.14,31.1,98.05,Hybrid,1753.67
IoT Processing,42.02,45.84,7.22,Solar,297.26
Database Queries,164.49,50.94,52.11,Wind,1739.86
Web Hosting,274.35,170.27,18.35,Wind,1207.47
Web Hosting,397.45,112.68,97.08,Wind,297.87
Web Hosting,166.19,105.15,11.77,Hybrid,883.71
Database Queries,316.69,23.84,40.66,Wind,363.68
IoT Processing,444.13,172.17,73.92,Hybrid,1415.68
Database Queries,311.77,144.84,70.6,Wind,1529.79
IoT Processing,124.15,14.47,42.56,Grid,256.3
AI Training,21.96,141.86,34.98,Hybrid,1036.97
Web Hosting,436.35,109.16,40.06,Hybrid,1638.52
Cloud Storage,20.42,17.26,26.8,Solar,1875.52
IoT Processing,438.6,92.2,20.93,Grid,1051.36
Cloud Storage,269.18,97.45,48.56,Hybrid,1903.04
Database Queries,470.14,33.99,27.22,Grid,1094.59
IoT Processing,401.4,189.19,29.1,Grid,818.67
Cloud Storage,498.99,170.15,65.85,Hybrid,1704.0
Database Queries,181.85,134.14,96.87,Hybrid,1011.32
IoT Processing,385.92,93.0,60.56,Grid,970.21
AI Training,206.95,82.94,8.16,Solar,1006.11
Web Hosting,245.14,130.54,8.02,Grid,1701.23
IoT Processing,317.48,109.54,95.17,Wind,1672.29
Web Hosting,438.1,13.39,30.08,Solar,836.86
Web Hosting,492.2,102.99,9.66,Grid,699.93
Cloud Storage,386.45,161.47,60.1,Solar,1009.26
IoT Processing,214.71,92.39,62.55,Hybrid,1166.91
Web Hosting,216.46,11.34,65.03,Hybrid,514.76
Web Hosting,371.42,157.47,27.11,Hybrid,1598.21
Database Queries,127.0,41.07,2.0,Hybrid,998.64
IoT Processing,64.13,52.47,96.52,Solar,701.39
AI Training,183.76,33.78,25.46,Wind,258.3
Database Queries,150.75,66.71,67.76,Solar,515.75
Web Hosting,155.19,151.59,70.81,Wind,1901.1
Database Queries,124.47,104.36,61.2,Hybrid,644.94
Cloud Storage,30.63,41.77,31.63,Grid,379.28
Database Queries,18.76,175.69,27.47,Solar,948.31
IoT Processing,493.98,176.04,59.97,Hybrid,648.82
AI Training,219.61,174.25,86.68,Grid,118.56
Web Hosting,198.32,48.52,94.7,Hybrid,680.13
AI Training,343.03,90.8,11.04,Wind,1111.01
Cloud Storage,116.94,197.01,15.91,Grid,1125.84
Cloud Storage,475.48,154.63,94.5,Hybrid,745.29
Database Queries,395.31,6.41,73.79,Wind,922.24
Database Queries,53.81,13.98,88.36,Solar,1932.76
AI Training,214.61,93.32,20.66,Solar,785.83
AI Training,440.77,181.93,58.96,Grid,553.54
Database Queries,472.92,108.2,70.26,Hybrid,524.76
Cloud Storage,239.03,100.06,68.17,Hybrid,942.64
AI Training,310.57,21.99,41.11,Wind,1531.06
Cloud Storage,91.85,131.7,2.03,Wind,451.68
Database Queries,495.67,164.6,58.5,Wind,1433.13
AI Training,123.52,76.7,25.68,Solar,91.24
Database Queries,471.94,155.35,45.3,Hybrid,866.92
Web Hosting,328.33,192.93,95.78,Hybrid,1562.94
Database Queries,307.79,41.55,40.2,Solar,710.53
Cloud Storage,261.22,105.14,84.06,Grid,1149.29
Database Queries,123.03,58.14,19.26,Wind,449.71
Web Hosting,96.5,158.78,67.41,Grid,1496.89
Cloud Storage,118.04,115.94,97.71,Hybrid,151.94
AI Training,101.35,127.28,10.64,Wind,1712.46
Cloud Storage,392.0,159.78,1.33,Hybrid,436.48
Database Queries,181.56,79.8,43.64,Hybrid,1755.08
IoT Processing,38.34,183.1,9.72,Wind,737.43
IoT Processing,484.86,107.07,74.96,Grid,1459.23
IoT Processing,443.06,32.43,91.5,Grid,672.49
Database Queries,464.6,139.48,43.69,Hybrid,1816.53
AI Training,497.5,158.86,26.24,Wind,296.94
AI Training,95.21,64.04,43.72,Hybrid,398.11
AI Training,204.16,171.58,72.48,Grid,1011.41
IoT Processing,381.54,181.32,1.4,Solar,209.78
Database Queries,351.05,56.1,59.15,Solar,432.16
AI Training,85.41,196.72,61.52,Grid,1890.34
Web Hosting,409.76,29.0,63.95,Wind,1954.15
AI Training,119.98,41.2,24.58,Hybrid,783.71
Cloud Storage,119.67,37.66,71.55,Solar,1850.41
Database Queries,273.12,178.9,9.59,Hybrid,1112.41
AI Training,300.54,131.2,20.33,Wind,576.0
IoT Processing,294.24,31.27,87.81,Hybrid,1419.68
Database Queries,54.83,88.62,74.0,Hybrid,1334.86
IoT Processing,439.96,123.44,1.87,Grid,1978.79
Database Queries,140.14,17.61,25.21,Grid,566.84
Cloud Storage,73.46,176.6,21.83,Wind,1360.52
Web Hosting,445.49,160.92,27.45,Grid,151.45
Cloud Storage,478.27,101.54,25.13,Wind,271.61
Web Hosting,432.44,193.46,6.72,Solar,57.64
AI Training,406.66,84.13,46.16,Grid,1998.95
Database Queries,331.07,196.84,73.41,Solar,1614.43
Web Hosting,279.92,133.92,60.87,Grid,1584.11
Database Queries,52.62,127.3,67.45,Wind,1043.97
Cloud Storage,210.14,34.03,8.57,Wind,635.13
Web Hosting,192.62,176.5,95.17,Grid,344.97
AI Training,137.28,86.07,83.93,Hybrid,605.12
Database Queries,364.48,33.28,80.61,Wind,783.14
Web Hosting,252.98,3.51,82.39,Hybrid,1524.8
Cloud Storage,49.71,112.39,93.3,Grid,1102.34
Database Queries,117.89,105.95,54.65,Wind,201.09
IoT Processing,344.8,144.15,20.43,Solar,85.16
AI Training,47.3,178.16,61.87,Solar,249.55
IoT Processing,427.09,16.8,74.42,Grid,850.47
Database Queries,252.62,146.57,73.92,Wind,1869.73
Web Hosting,245.49,38.29,52.38,Wind,1292.93
Web Hosting,300.28,171.78,7.31,Grid,1613.56
IoT Processing,414.09,163.99,37.43,Solar,959.43
IoT Processing,180.43,108.62,92.12,Hybrid,755.25
AI Training,342.23,142.34,58.65,Solar,261.38
IoT Processing,287.21,63.56,54.06,Hybrid,1758.07
IoT Processing,140.84,94.76,27.25,Solar,1577.16
Cloud Storage,440.53,164.51,37.16,Solar,377.83
Database Queries,400.74,92.39,89.59,Grid,1048.91
IoT Processing,332.64,72.2,66.81,Grid,1000.38
Web Hosting,426.79,99.35,78.85,Wind,1268.93
AI Training,434.97,165.82,45.71,Grid,1895.06
Web Hosting,357.1,67.71,63.21,Wind,1180.55
IoT Processing,420.14,35.58,25.21,Wind,1103.42
AI Training,351.76,142.69,70.69,Grid,148.13
Database Queries,343.27,165.37,43.05,Hybrid,172.67
Cloud Storage,313.12,21.03,44.53,Wind,415.33
Cloud Storage,378.83,48.73,65.11,Hybrid,113.32
AI Training,87.72,29.25,93.66,Wind,1499.54
Web Hosting,441.63,70.24,6.87,Grid,1460.49
Cloud Storage,437.2,90.62,82.56,Hybrid,315.31
Database Queries,24.33,150.02,29.59,Grid,1680.35
Database Queries,414.65,130.58,44.67,Hybrid,351.83
Web Hosting,73.15,124.56,2.68,Wind,637.29
IoT Processing,174.21,71.12,30.45,Hybrid,535.5
AI Training,374.32,168.45,50.51,Hybrid,776.0
IoT Processing,88.77,94.79,6.09,Grid,546.59
AI Training,410.8,195.84,49.36,Grid,1003.45
Database Queries,417.75,127.19,92.75,Solar,844.45
Web Hosting,258.66,26.13,10.99,Wind,1973.81
Cloud Storage,13.13,135.56,76.56,Hybrid,159.06
Cloud Storage,150.65,65.7,41.26,Solar,327.25
IoT Processing,312.29,137.58,65.69,Wind,153.01
AI Training,490.78,14.86,26.39,Grid,1270.39
IoT Processing,319.59,35.8,16.37,Grid,156.29
IoT Processing,137.3,171.29,16.47,Grid,1681.06
AI Training,320.66,46.21,7.51,Hybrid,1048.28
Cloud Storage,274.59,167.57,18.97,Wind,1077.66
Web Hosting,392.12,56.58,66.59,Solar,1145.11
AI Training,62.42,128.93,88.23,Solar,383.09
AI Training,382.9,139.14,81.51,Solar,435.5
AI Training,275.22,103.02,68.67,Grid,671.69
IoT Processing,481.87,61.76,11.49,Grid,1207.32
Cloud Storage,177.52,43.32,29.27,Hybrid,459.73
Cloud Storage,319.98,7.6,31.33,Grid,276.85
Database Queries,466.69,61.49,25.37,Solar,1941.73
Web Hosting,60.23,130.98,51.74,Wind,92.86
Cloud Storage,469.24,187.72,53.79,Wind,1615.26
Cloud Storage,347.06,174.37,36.01,Grid,1586.67
IoT Processing,43.24,153.45,35.7,Solar,629.57
Web Hosting,157.47,157.9,82.94,Grid,314.47
Database Queries,357.0,133.33,79.03,Solar,333.98
Web Hosting,43.0,52.8,31.13,Hybrid,1409.99
AI Training,295.26,181.53,91.42,Solar,1303.47
Web Hosting,179.48,134.48,95.31,Grid,1576.35
AI Training,314.25,112.53,33.01,Solar,1878.09
IoT Processing,32.41,23.09,35.77,Wind,1399.26
Web Hosting,437.05,89.96,50.81,Hybrid,353.91
Database Queries,487.01,92.61,94.14,Solar,524.71
IoT Processing,484.75,173.05,87.69,Wind,1692.28
Database Queries,377.33,109.78,10.71,Hybrid,458.15
Database Queries,73.74,76.7,39.58,Hybrid,191.42
Database Queries,381.55,195.38,55.56,Solar,1421.4
Cloud Storage,22.05,23.03,50.56,Solar,834.93
Web Hosting,20.84,85.09,19.79,Solar,1844.08
Database Queries,168.57,9.36,85.95,Hybrid,1318.0
Database Queries,249.44,148.24,67.86,Wind,226.32
Cloud Storage,387.5,183.7,83.87,Hybrid,1898.32
Web Hosting,344.81,56.73,85.95,Grid,554.19
Database Queries,228.49,171.81,74.96,Grid,707.56
Web Hosting,144.08,59.15,44.2,Wind,834.41
Web Hosting,498.59,182.24,61.25,Grid,149.89
IoT Processing,218.83,151.04,16.46,Wind,1018.21
Database Queries,231.18,161.18,67.53,Hybrid,290.47
IoT Processing,90.18,4.58,18.34,Grid,831.89
AI Training,399.46,192.6,69.55,Hybrid,733.88
Database Queries,349.9,145.61,23.35,Grid,1557.04
Database Queries,118.18,61.65,12.2,Wind,1616.18
Cloud Storage,50.37,166.05,16.95,Solar,349.16
AI Training,343.44,57.02,0.7,Hybrid,764.77
AI Training,330.71,174.68,72.01,Grid,778.04
Cloud Storage,143.9,23.4,73.37,Hybrid,345.25
Cloud Storage,475.92,141.03,51.74,Wind,1606.98
Web Hosting,84.02,108.6,16.56,Hybrid,1429.1
Database Queries,221.84,20.21,8.81,Hybrid,421.24
Web Hosting,472.37,49.14,2.4,Wind,765.11
IoT Processing,215.67,3.47,16.99,Wind,256.32
AI Training,322.88,94.28,89.14,Hybrid,1275.0
IoT Processing,204.82,60.95,24.53,Grid,286.68
Cloud Storage,144.37,120.07,35.75,Solar,1972.57
Database Queries,492.15,60.15,10.98,Hybrid,1572.33
AI Training,210.57,60.68,22.62,Wind,810.97
Web Hosting,448.11,148.9,52.16,Hybrid,1178.2
IoT Processing,122.68,10.58,60.97,Grid,1827.12
IoT Processing,114.42,180.68,24.91,Hybrid,1130.49
Web Hosting,25.26,170.6,6.24,Grid,390.27
Web Hosting,329.32,133.89,39.41,Grid,788.47
IoT Processing,190.58,119.05,23.8,Wind,1694.13
Web Hosting,433.54,178.57,22.35,Grid,1306.22
Web Hosting,241.87,37.88,96.01,Hybrid,1318.91
AI Training,484.41,16.71,61.82,Solar,1740.3
AI Training,100.91,48.66,55.91,Hybrid,1793.25
IoT Processing,435.63,159.12,41.87,Wind,1843.6
Web Hosting,390.53,7.9,43.18,Wind,234.96
AI Training,387.75,116.98,54.32,Hybrid,1111.05
IoT Processing,423.94,199.09,69.79,Grid,1493.99
IoT Processing,382.9,171.28,70.36,Grid,1526.01
IoT Processing,316.85,104.77,17.58,Grid,1233.1
Cloud Storage,74.31,13.66,50.26,Grid,375.24
Database Queries,25.94,166.44,41.49,Wind,1604.97
AI Training,461.22,120.2,87.12,Hybrid,1454.22
AI Training,312.16,23.87,63.33,Hybrid,217.96
Cloud Storage,400.3,19.68,53.48,Grid,954.43
Database Queries,245.95,182.02,11.98,Solar,389.26
Cloud Storage,67.48,134.17,60.76,Grid,708.08
AI Training,71.34,166.03,12.16,Solar,85.26
AI Training,345.93,175.92,34.05,Solar,830.64
IoT Processing,220.85,114.78,14.71,Wind,1122.26
Database Queries,108.26,103.97,69.36,Solar,1258.19
Web Hosting,250.88,86.66,21.02,Solar,1343.81
Web Hosting,41.46,64.07,39.49,Solar,1680.77
IoT Processing,295.17,87.48,89.62,Wind,470.15
Cloud Storage,141.81,155.0,20.83,Solar,284.94
Cloud Storage,400.8,120.78,51.03,Hybrid,1710.5
AI Training,162.08,178.61,42.22,Hybrid,355.39
Web Hosting,233.06,89.23,2.3,Wind,1950.78
AI Training,15.69,121.81,79.38,Solar,1692.95
AI Training,45.5,126.63,7.37,Hybrid,1026.71
IoT Processing,202.32,118.75,47.69,Solar,1963.77
Web Hosting,245.17,140.82,56.29,Grid,239.88
Cloud Storage,304.01,48.25,63.03,Wind,640.98
IoT Processing,152.91,102.96,69.02,Grid,1294.54
AI Training,350.54,21.74,25.7,Hybrid,732.51
Web Hosting,431.46,77.52,1.49,Solar,1860.33
AI Training,392.13,98.05,72.48,Grid,177.97
AI Training,29.41,130.79,53.8,Solar,1121.35
Cloud Storage,245.45,190.16,83.69,Grid,1202.19
Cloud Storage,61.42,120.53,82.23,Grid,1322.82
Web Hosting,128.6,148.98,84.41,Solar,548.55
AI Training,493.46,101.75,48.77,Hybrid,760.9
Database Queries,79.82,127.19,33.7,Solar,1695.18
Database Queries,254.46,15.12,79.26,Solar,430.14
Web Hosting,312.9,51.62,45.4,Wind,1662.39
Web Hosting,354.21,73.01,18.75,Hybrid,1147.18
Database Queries,284.23,95.03,85.57,Wind,1536.27
Web Hosting,14.79,10.08,88.31,Wind,1441.53
Database Queries,169.97,28.86,46.9,Hybrid,454.65
AI Training,263.68,56.09,8.03,Solar,1159.18
IoT Processing,53.05,194.34,39.09,Grid,1742.06
AI Training,181.81,66.94,80.45,Grid,892.63
Database Queries,26.27,96.93,90.23,Grid,1934.85
IoT Processing,48.5,40.02,20.75,Hybrid,931.82
Web Hosting,204.49,122.55,7.16,Hybrid,328.43
IoT Processing,75.03,56.86,87.8,Wind,809.4
Database Queries,288.1,42.19,39.25,Wind,1905.82
Cloud Storage,347.84,103.8,54.41,Grid,673.46
Web Hosting,402.29,2.1,96.82,Wind,1742.79
IoT Processing,108.07,2.53,7.12,Hybrid,1768.44
Database Queries,92.07,44.59,65.01,Solar,732.86
AI Training,61.24,8.31,7.87,Wind,212.35
Cloud Storage,321.85,22.5,37.86,Grid,1462.89
Cloud Storage,356.17,68.43,80.48,Grid,657.45
Database Queries,25.48,160.71,43.63,Solar,1576.7
IoT Processing,468.74,114.84,99.72,Hybrid,913.18
Cloud Storage,35.47,103.02,56.13,Wind,996.27
Web Hosting,275.24,59.4,32.46,Solar,1566.92
IoT Processing,357.44,186.42,22.4,Grid,795.61
Web Hosting,436.77,80.01,35.38,Solar,914.1
Web Hosting,359.9,18.33,37.57,Hybrid,783.57
Web Hosting,402.85,123.8,7.34,Hybrid,766.31
AI Training,176.33,23.65,37.27,Solar,1075.6
Web Hosting,409.26,69.7,46.69,Grid,1627.16
IoT Processing,49.26,101.97,72.41,Hybrid,755.45
Database Queries,448.46,174.97,65.84,Solar,1072.3
IoT Processing,278.32,99.22,71.02,Hybrid,1357.92
AI Training,410.48,140.75,1.33,Hybrid,575.41
Cloud Storage,231.64,198.57,22.16,Grid,591.17
Web Hosting,325.35,27.17,66.34,Wind,1870.16
Cloud Storage,267.94,55.67,48.66,Solar,1460.89
IoT Processing,368.48,79.52,1.03,Solar,1175.51
IoT Processing,50.0,84.94,80.55,Wind,1313.05
AI Training,39.57,82.79,77.39,Wind,107.13
Cloud Storage,131.08,181.61,55.07,Grid,1255.3
Cloud Storage,88.18,143.09,7.11,Solar,1043.54
IoT Processing,437.17,121.97,76.77,Hybrid,1114.21
IoT Processing,117.41,62.57,58.58,Solar,750.88
Database Queries,488.17,164.93,78.31,Wind,208.87
IoT Processing,175.08,191.06,75.3,Wind,427.01
IoT Processing,99.24,164.42,80.4,Hybrid,1903.95
Web Hosting,396.95,1.31,52.04,Solar,846.96
Web Hosting,332.77,127.64,14.46,Solar,960.03
Database Queries,254.12,11.18,67.28,Wind,152.78
IoT Processing,282.13,52.26,62.24,Grid,123.25
AI Training,362.41,12.85,74.35,Hybrid,1448.5
Database Queries,121.94,121.16,17.4,Wind,1099.28
Cloud Storage,498.2,137.63,19.9,Solar,1041.98
AI Training,487.65,23.78,89.1,Grid,524.09
Web Hosting,328.66,77.38,75.12,Solar,1502.26
Database Queries,107.78,91.79,90.87,Hybrid,378.06
Web Hosting,343.31,74.44,75.99,Grid,420.37
IoT Processing,45.38,25.08,59.92,Grid,948.39
AI Training,25.02,84.37,65.59,Wind,608.25
Cloud Storage,136.26,150.48,88.97,Grid,532.55
IoT Processing,236.69,15.13,58.09,Solar,1308.21
IoT Processing,435.45,16.96,63.42,Hybrid,1319.39
Web Hosting,366.31,71.6,16.07,Solar,1657.81
IoT Processing,373.93,188.4,47.66,Wind,864.53
IoT Processing,218.49,134.05,71.78,Grid,192.52
AI Training,179.51,136.06,27.46,Wind,583.65
Web Hosting,191.81,73.02,20.62,Solar,1961.01
Web Hosting,493.95,119.14,31.73,Solar,1212.7
AI Training,29.65,3.02,24.53,Solar,1433.99
Database Queries,434.85,127.58,21.88,Grid,64.35
AI Training,293.55,182.74,42.77,Hybrid,1060.5
Database Queries,224.92,122.9,90.83,Solar,123.18
Web Hosting,365.38,174.87,50.95,Wind,1160.0
Cloud Storage,248.47,145.07,19.2,Solar,1845.5
Cloud Storage,437.98,24.99,8.16,Solar,1938.42
Database Queries,451.34,180.59,69.77,Solar,1104.08
AI Training,216.64,14.22,38.59,Wind,943.5
Cloud Storage,145.65,107.26,82.27,Hybrid,1892.78
Cloud Storage,300.25,29.29,66.12,Hybrid,1363.54
Cloud Storage,457.06,3.33,79.73,Solar,176.55
AI Training,113.22,84.98,27.56,Grid,958.16
Web Hosting,315.25,59.71,69.39,Grid,518.48
Web Hosting,319.46,97.71,26.77,Grid,966.12
IoT Processing,369.23,115.86,93.94,Grid,938.16
IoT Processing,74.47,9.7,63.82,Grid,1185.18
IoT Processing,360.75,25.48,32.79,Grid,745.7
AI Training,455.43,112.17,27.32,Wind,370.33
AI Training,98.04,69.29,19.5,Grid,1032.25
Database Queries,126.4,146.11,69.62,Grid,1668.9
IoT Processing,485.98,130.81,22.26,Grid,1344.82
IoT Processing,98.68,169.28,59.73,Solar,709.82
IoT Processing,428.65,138.81,26.83,Solar,1874.27
AI Training,251.22,86.56,66.37,Wind,1828.8
Web Hosting,131.14,134.92,81.59,Grid,458.23
AI Training,436.67,55.8,77.91,Solar,126.86
IoT Processing,228.2,61.96,76.2,Wind,1495.55
Web Hosting,262.26,158.01,19.18,Hybrid,1663.84
Web Hosting,186.02,89.84,9.29,Grid,1937.34
Database Queries,300.55,159.88,70.05,Wind,1785.18
AI Training,90.13,164.66,37.15,Hybrid,1221.04
Web Hosting,201.63,171.65,43.52,Hybrid,1083.6
IoT Processing,485.01,183.41,3.6,Solar,104.29
AI Training,136.49,86.77,26.33,Wind,530.98
AI Training,331.8,64.45,3.85,Wind,946.25
Web Hosting,169.34,116.86,87.98,Grid,1275.58
IoT Processing,389.0,74.86,24.72,Solar,1136.64
Database Queries,74.13,120.61,55.96,Grid,1498.14
Cloud Storage,485.21,141.41,4.38,Solar,595.55
Database Queries,232.36,137.99,66.85,Grid,1151.66
Web Hosting,125.66,75.54,32.64,Wind,221.88
Database Queries,46.01,34.21,89.84,Grid,856.65
AI Training,93.18,86.68,88.87,Hybrid,1512.81
AI Training,264.69,29.38,32.87,Grid,1402.13
AI Training,175.13,178.13,90.15,Wind,1981.75
Database Queries,416.15,69.83,99.62,Solar,591.89
Web Hosting,221.13,31.74,82.63,Solar,1021.47
Database Queries,131.87,6.06,84.56,Hybrid,692.58
AI Training,312.4,129.52,25.28,Hybrid,909.18
AI Training,356.32,127.74,57.88,Grid,1721.05
IoT Processing,91.85,68.78,7.19,Solar,1384.21
IoT Processing,92.13,15.27,9.94,Solar,1770.76
AI Training,27.97,82.52,99.89,Solar,446.85
Web Hosting,370.84,62.93,33.0,Hybrid,1753.05
Database Queries,335.26,135.75,74.94,Grid,166.54
Database Queries,242.57,121.55,80.76,Wind,1782.77
Cloud Storage,423.64,73.55,85.87,Solar,691.69
Web Hosting,404.78,44.36,99.76,Hybrid,663.45
AI Training,296.82,197.62,24.53,Wind,1048.57
Cloud Storage,435.45,91.35,4.51,Grid,1884.35
Database Queries,110.86,137.97,41.41,Grid,143.17
Web Hosting,64.84,28.97,13.44,Grid,736.85
Cloud Storage,142.18,97.63,2.73,Wind,1720.32
AI Training,37.97,6.48,36.36,Wind,822.31
Cloud Storage,270.27,101.59,78.48,Wind,438.36
Cloud Storage,468.94,192.84,56.83,Hybrid,878.35
Database Queries,29.28,77.46,31.62,Grid,801.83
Database Queries,69.83,8.76,65.61,Wind,1835.06
Cloud Storage,231.58,7.16,23.59,Hybrid,1535.77
IoT Processing,467.6,78.21,1.93,Solar,1034.98
IoT Processing,164.92,32.84,76.55,Wind,1977.32
Web Hosting,258.55,5.65,62.56,Wind,957.29
IoT Processing,30.37,151.49,76.35,Grid,163.56
IoT Processing,82.69,92.25,4.37,Solar,561.43
Web Hosting,493.45,58.56,83.79,Grid,900.34
Cloud Storage,482.91,180.12,62.14,Hybrid,355.96
IoT Processing,12.42,24.11,56.56,Grid,1897.75
Cloud Storage,476.39,191.23,62.65,Solar,1545.36
Database Queries,323.17,63.48,86.51,Wind,573.16
Cloud Storage,435.28,177.79,58.9,Solar,1202.07
Web Hosting,232.82,120.99,58.3,Grid,1456.83
IoT Processing,262.64,165.51,99.07,Wind,1885.49
Web Hosting,249.53,196.82,75.79,Hybrid,1769.19
Web Hosting,336.76,58.39,44.51,Wind,1054.62
AI Training,78.43,192.27,70.89,Solar,1560.57
Web Hosting,24.69,78.51,39.23,Solar,1146.18
Database Queries,160.89,77.72,23.27,Grid,1127.77
Cloud Storage,355.29,68.74,59.89,Solar,273.75
IoT Processing,108.91,108.74,92.85,Wind,295.97
AI Training,339.98,31.67,92.95,Hybrid,1082.59
AI Training,485.26,111.19,34.52,Solar,574.28
Web Hosting,56.01,108.8,53.0,Solar,91.02
Web Hosting,339.58,152.62,21.56,Grid,1459.54
Cloud Storage,227.44,166.9,99.57,Wind,113.35
IoT Processing,435.39,88.65,98.12,Grid,1210.79
Database Queries,96.8,61.16,65.13,Grid,1101.43
Cloud Storage,349.39,52.61,80.54,Solar,1939.19
IoT Processing,420.68,39.73,71.65,Grid,994.22
AI Training,472.86,12.47,59.52,Solar,174.02
IoT Processing,344.79,69.15,5.81,Grid,1125.79
Database Queries,253.62,54.78,45.75,Wind,1690.14
Web Hosting,312.75,193.32,67.64,Hybrid,1993.86
Cloud Storage,435.76,111.98,67.91,Wind,889.17
Web Hosting,289.6,70.11,37.63,Grid,674.58
Database Queries,24.89,116.51,94.2,Hybrid,1817.97
Database Queries,466.16,28.7,17.15,Grid,422.92
Database Queries,347.87,89.36,50.29,Solar,1250.09
Web Hosting,341.49,125.62,69.24,Solar,841.14
AI Training,115.68,98.29,69.87,Grid,130.11
IoT Processing,332.85,80.95,65.04,Hybrid,727.21
Database Queries,202.99,198.78,27.89,Wind,567.2
Web Hosting,329.1,176.18,16.04,Hybrid,1387.88
IoT Processing,62.23,125.06,63.78,Hybrid,1900.14
Database Queries,332.34,114.31,60.13,Grid,572.69
AI Training,499.71,124.51,18.35,Hybrid,1632.36
Web Hosting,33.62,41.06,70.66,Wind,157.95
Cloud Storage,488.82,79.63,45.79,Wind,1099.34
AI Training,209.38,8.85,66.94,Solar,187.57
IoT Processing,436.67,95.63,83.82,Grid,1871.36
AI Training,393.37,109.06,17.39,Grid,1544.38
IoT Processing,287.84,46.32,2.4,Solar,1333.0
Web Hosting,371.84,192.84,78.02,Grid,1656.6
AI Training,440.47,181.98,61.16,Wind,1312.66
IoT Processing,208.03,144.71,70.11,Hybrid,1939.44
Database Queries,170.25,107.14,83.9,Solar,1442.22
Database Queries,337.12,174.12,80.38,Grid,1853.08
Web Hosting,405.84,27.0,96.11,Hybrid,1058.41
IoT Processing,383.52,158.31,53.83,Grid,278.28
AI Training,400.93,25.84,49.11,Grid,1079.95
AI Training,223.44,159.05,40.49,Grid,297.4
Web Hosting,410.74,55.88,15.79,Wind,1205.36
AI Training,68.9,175.54,57.47,Solar,990.86
IoT Processing,276.8,188.86,28.06,Grid,1264.02
Database Queries,12.82,30.61,92.17,Wind,69.59
Database Queries,169.05,93.07,58.53,Grid,429.94
IoT Processing,189.57,196.22,59.49,Wind,1008.09
Database Queries,204.12,97.2,35.82,Solar,1903.48
Cloud Storage,350.78,172.85,5.67,Grid,798.04
Web Hosting,200.39,118.16,3.66,Wind,877.53
AI Training,229.86,75.69,42.62,Hybrid,1443.66
IoT Processing,126.4,57.87,8.91,Hybrid,1227.4
AI Training,192.89,41.44,60.88,Grid,632.91
Database Queries,121.36,152.6,88.16,Solar,851.09
IoT Processing,45.87,77.92,88.35,Hybrid,474.51
Web Hosting,305.69,102.74,66.08,Wind,1933.74
AI Training,337.42,98.97,21.52,Wind,304.74
IoT Processing,313.55,115.88,86.37,Wind,775.08
Database Queries,237.11,173.25,88.67,Wind,100.39
Cloud Storage,196.1,196.17,20.07,Solar,482.47
IoT Processing,433.03,82.11,73.87,Wind,1571.92
IoT Processing,264.35,165.68,29.01,Hybrid,442.29
IoT Processing,244.8,153.14,80.36,Hybrid,206.12
IoT Processing,22.56,115.13,99.73,Hybrid,975.18
Database Queries,177.21,191.25,3.49,Hybrid,69.44
Cloud Storage,196.3,40.89,89.79,Hybrid,215.29
IoT Processing,205.42,22.74,62.45,Solar,1624.87
AI Training,294.28,170.94,97.35,Grid,1554.37
Cloud Storage,271.47,88.39,46.77,Grid,1834.52
Web Hosting,307.87,169.55,84.82,Grid,1716.31
Cloud Storage,384.79,178.72,6.71,Solar,1382.19
IoT Processing,408.36,13.43,33.86,Wind,152.05
Web Hosting,361.88,176.81,7.17,Solar,1576.55
Database Queries,478.21,90.22,97.55,Hybrid,1698.75
Web Hosting,18.93,102.58,81.79,Hybrid,1608.21
IoT Processing,105.93,125.69,85.33,Grid,1041.53
Cloud Storage,13.71,185.35,93.83,Wind,504.16
Web Hosting,327.26,4.8,8.97,Hybrid,1698.39
IoT Processing,450.03,95.89,38.87,Grid,1467.97
Cloud Storage,129.31,137.86,7.57,Solar,1962.48
Web Hosting,464.25,144.82,21.47,Solar,353.6
Cloud Storage,39.53,138.81,23.32,Grid,490.05
Web Hosting,467.87,27.75,47.18,Solar,463.01
IoT Processing,182.3,60.58,27.22,Grid,1595.45
Cloud Storage,59.7,72.38,10.55,Solar,414.47
Database Queries,248.08,161.08,17.17,Grid,179.99
Web Hosting,135.82,56.47,15.15,Grid,1997.19
Web Hosting,149.59,42.93,97.32,Grid,98.39
AI Training,160.57,191.53,76.05,Wind,1678.73
Cloud Storage,403.48,2.76,96.79,Hybrid,762.47
Database Queries,274.19,199.57,44.25,Hybrid,1691.15
